{"stat.craftItem.minecraft.mossy_cobblestone":1,"stat.craftItem.minecraft.piston":41,"stat.craftItem.minecraft.sign":100,"stat.pickup.minecraft.sign":4,"stat.pickup.minecraft.stone_pressure_plate":3,"stat.leaveGame":9,"stat.useItem.minecraft.repeating_command_block":1,"stat.craftItem.minecraft.wool":76,"stat.jump":981,"stat.drop.minecraft.stone":1,"stat.craftItem.minecraft.gold_block":51,"stat.drop.minecraft.coal_block":1,"stat.pickup.minecraft.glass":1,"stat.crouchOneCm":123,"stat.craftItem.minecraft.sponge":16,"stat.useItem.minecraft.stone_slab2":61,"stat.craftItem.minecraft.hopper":11,"stat.craftItem.minecraft.end_bricks":7,"stat.pickup.minecraft.command_block":64,"stat.craftItem.minecraft.wooden_button":4,"stat.pickup.minecraft.planks":1,"stat.flyOneCm":748995,"stat.craftItem.minecraft.glass":11,"stat.craftItem.minecraft.emerald_block":83,"stat.craftItem.minecraft.slime":6,"stat.craftItem.minecraft.dispenser":4,"stat.timeSinceDeath":3045,"stat.craftItem.minecraft.anvil":1,"stat.hopperInspected":3,"stat.drop.minecraft.log":2,"stat.useItem.minecraft.spawn_egg":2,"stat.pickup.minecraft.piston":1,"stat.useItem.minecraft.command_block":1,"stat.walkOneCm":353528,"stat.pickup.minecraft.log":2,"stat.drop.minecraft.sign":2,"stat.pickup.minecraft.bedrock":1,"stat.craftItem.minecraft.brick_block":2,"stat.craftItem.minecraft.stone_button":2,"stat.drop.minecraft.planks":1,"stat.pickup.minecraft.stone":1,"stat.craftItem.minecraft.hay_block":5,"stat.sprintOneCm":123859,"stat.pickup.minecraft.coal_block":1,"stat.craftItem.minecraft.bookshelf":1,"stat.craftItem.minecraft.planks":128,"stat.craftItem.minecraft.stone":23,"stat.craftItem.minecraft.dirt":12,"stat.craftItem.minecraft.redstone_lamp":9,"stat.deaths":4,"stat.drop":7,"stat.playOneMinute":230175,"stat.craftItem.minecraft.item_frame":42,"stat.sneakTime":623,"stat.craftItem.minecraft.diamond_block":3,"stat.pickup.minecraft.wool":1,"stat.craftItem.minecraft.coal_block":1,"stat.craftItem.minecraft.sandstone":9}